<?xml version="1.0" encoding="utf-8"?>
<ModMetaData>
	<name>You Can Harvest!</name>
	<author>民火</author>
	<url></url>
	<supportedVersions>
		<li>1.1</li>
		<li>1.2</li>
		<li>1.3</li>
		<li>1.4</li>
	</supportedVersions>
	<packageId>tammybee.youcanharvest</packageId>
	<description>Notify alert when plants(*1) are ready for harvest.
You can specify the plants to be notified in mod settings(e.g. In growing zones).

*1 Compatible with plants added by other mods.

収穫可能な植物(*1)があったらアラートで通知します。
設定によって、通知する対象の植物を指定することができます(例:農業ゾーン内の植物)。

*1 他のMODで追加された植物にも対応しています。

[License]
- CC BY-NC-SA
- MIT License
Copyright 2020 TammyBee

Twitter:@tammybee_tmb</description>
</ModMetaData>
